-- Insert SQL Rules Here 
INSERT INTO ArtDefine_Landmarks (Era,				State,						Scale,	ImprovementType,							LayoutHandler,			ResourceType,							Model,															TerrainContour) VALUES	
							
								('Any',				'Any',						1,		'ART_DEF_IMPROVEMENT_NONE',					'SNAPSHOT',				'ART_DEF_RESOURCE_CACAO',				'Art/Cacao/Cacaotrees.fxsxml',									1),
								('Industrial',		'Constructed',				1,		'ART_DEF_IMPROVEMENT_PLANTATION',			'SNAPSHOT',				'ART_DEF_RESOURCE_CACAO',				'Art/Cacao/Plantation_IND_Cacaotrees.fxsxml',					1),
								('Industrial',		'UnderConstruction',		1,		'ART_DEF_IMPROVEMENT_PLANTATION',			'SNAPSHOT',				'ART_DEF_RESOURCE_CACAO',				'Art/Cacao/Plantation_IND_Cacaotrees_HB.fxsxml',				1),
								('Industrial',		'Pillaged',					1,		'ART_DEF_IMPROVEMENT_PLANTATION',			'SNAPSHOT',				'ART_DEF_RESOURCE_CACAO',				'Art/Cacao/Plantation_IND_Cacaotrees_PIL.fxsxml',				1),
								('Ancient',			'Constructed',				1,		'ART_DEF_IMPROVEMENT_PLANTATION',			'SNAPSHOT',				'ART_DEF_RESOURCE_CACAO',				'Art/Cacao/Plantation_MID_Cacaotrees.fxsxml',					1),
								('Ancient',			'UnderConstruction',		1,		'ART_DEF_IMPROVEMENT_PLANTATION',			'SNAPSHOT',				'ART_DEF_RESOURCE_CACAO',				'Art/Cacao/Plantation_MID_Cacaotrees_HB.fxsxml',				1),
								('Ancient',			'Pillaged',					1,		'ART_DEF_IMPROVEMENT_PLANTATION',			'SNAPSHOT',				'ART_DEF_RESOURCE_CACAO',				'Art/Cacao/Plantation_MID_Cacaotrees_PIL.fxsxml',				1),
								
								('Any',				'Any',						1,		'ART_DEF_IMPROVEMENT_NONE',					'SNAPSHOT',				'ART_DEF_RESOURCE_COCONUT',				'Art/Coconut/Coconuttrees.fxsxml',								1),
								('Industrial',		'Constructed',				1,		'ART_DEF_IMPROVEMENT_PLANTATION',			'SNAPSHOT',				'ART_DEF_RESOURCE_COCONUT',				'Art/Coconut/Plantation_IND_Coconuttrees.fxsxml',				1),
								('Industrial',		'UnderConstruction',		1,		'ART_DEF_IMPROVEMENT_PLANTATION',			'SNAPSHOT',				'ART_DEF_RESOURCE_COCONUT',				'Art/Coconut/Plantation_IND_Coconuttrees_HB.fxsxml',			1),
								('Industrial',		'Pillaged',					1,		'ART_DEF_IMPROVEMENT_PLANTATION',			'SNAPSHOT',				'ART_DEF_RESOURCE_COCONUT',				'Art/Coconut/Plantation_IND_Coconuttrees_PIL.fxsxml',			1),
								('Ancient',			'Constructed',				1,		'ART_DEF_IMPROVEMENT_PLANTATION',			'SNAPSHOT',				'ART_DEF_RESOURCE_COCONUT',				'Art/Coconut/Plantation_MID_Coconuttrees.fxsxml',				1),
								('Ancient',			'UnderConstruction',		1,		'ART_DEF_IMPROVEMENT_PLANTATION',			'SNAPSHOT',				'ART_DEF_RESOURCE_COCONUT',				'Art/Coconut/Plantation_MID_Coconuttrees_HB.fxsxml',			1),
								('Ancient',			'Pillaged',					1,		'ART_DEF_IMPROVEMENT_PLANTATION',			'SNAPSHOT',				'ART_DEF_RESOURCE_COCONUT',				'Art/Coconut/Plantation_MID_Coconuttrees_PIL.fxsxml',			1),
								
								('Any',				'Any',						0.875,	'ART_DEF_IMPROVEMENT_NONE',					'SNAPSHOT',				'ART_DEF_RESOURCE_MANGO',				'Art/Mango/Mangotrees.fxsxml',									1),
								('Industrial',		'Constructed',				0.875,	'ART_DEF_IMPROVEMENT_PLANTATION',			'SNAPSHOT',				'ART_DEF_RESOURCE_MANGO',				'Art/Mango/Plantation_IND_Mangotrees.fxsxml',					1),
								('Industrial',		'UnderConstruction',		0.875,	'ART_DEF_IMPROVEMENT_PLANTATION',			'SNAPSHOT',				'ART_DEF_RESOURCE_MANGO',				'Art/Mango/Plantation_IND_Mangotrees_HB.fxsxml',				1),
								('Industrial',		'Pillaged',					0.875,	'ART_DEF_IMPROVEMENT_PLANTATION',			'SNAPSHOT',				'ART_DEF_RESOURCE_MANGO',				'Art/Mango/Plantation_IND_Mangotrees_PIL.fxsxml',				1),
								('Ancient',			'Constructed',				0.875,	'ART_DEF_IMPROVEMENT_PLANTATION',			'SNAPSHOT',				'ART_DEF_RESOURCE_MANGO',				'Art/Mango/Plantation_MID_Mangotrees.fxsxml',					1),
								('Ancient',			'UnderConstruction',		0.875,	'ART_DEF_IMPROVEMENT_PLANTATION',			'SNAPSHOT',				'ART_DEF_RESOURCE_MANGO',				'Art/Mango/Plantation_MID_Mangotrees_HB.fxsxml',				1),
								('Ancient',			'Pillaged',					0.875,	'ART_DEF_IMPROVEMENT_PLANTATION',			'SNAPSHOT',				'ART_DEF_RESOURCE_MANGO',				'Art/Mango/Plantation_MID_Mangotrees_PIL.fxsxml',				1),
								
								('Any',				'Any',						1,		'ART_DEF_IMPROVEMENT_NONE',					'SNAPSHOT',				'ART_DEF_RESOURCE_RUBBER',				'Art/Rubber/Rubbertrees.fxsxml',								1),
								('Industrial',		'Constructed',				1,		'ART_DEF_IMPROVEMENT_PLANTATION',			'SNAPSHOT',				'ART_DEF_RESOURCE_RUBBER',				'Art/Rubber/Plantation_IND_Rubbertrees.fxsxml',					1),
								('Industrial',		'UnderConstruction',		1,		'ART_DEF_IMPROVEMENT_PLANTATION',			'SNAPSHOT',				'ART_DEF_RESOURCE_RUBBER',				'Art/Rubber/Plantation_IND_Rubbertrees_HB.fxsxml',				1),
								('Industrial',		'Pillaged',					1,		'ART_DEF_IMPROVEMENT_PLANTATION',			'SNAPSHOT',				'ART_DEF_RESOURCE_RUBBER',				'Art/Rubber/Plantation_IND_Rubbertrees_PIL.fxsxml',				1),
								('Ancient',			'Constructed',				1,		'ART_DEF_IMPROVEMENT_PLANTATION',			'SNAPSHOT',				'ART_DEF_RESOURCE_RUBBER',				'Art/Rubber/Plantation_MID_Rubbertrees.fxsxml',					1),
								('Ancient',			'UnderConstruction',		1,		'ART_DEF_IMPROVEMENT_PLANTATION',			'SNAPSHOT',				'ART_DEF_RESOURCE_RUBBER',				'Art/Rubber/Plantation_MID_Rubbertrees_HB.fxsxml',				1),
								('Ancient',			'Pillaged',					1,		'ART_DEF_IMPROVEMENT_PLANTATION',			'SNAPSHOT',				'ART_DEF_RESOURCE_RUBBER',				'Art/Rubber/Plantation_MID_Rubbertrees_PIL.fxsxml',				1),
								
								('Any',				'Any',						1,		'ART_DEF_IMPROVEMENT_NONE',					'SNAPSHOT',				'ART_DEF_RESOURCE_PINE',				'Art/Pine/Pinetrees.fxsxml',									1),
								('Ancient',			'Constructed',				1,		'ART_DEF_IMPROVEMENT_LUMBERMILL',			'SNAPSHOT',				'ART_DEF_RESOURCE_PINE',				'Art/Pine/Lumbermill_MID_Pinetrees.fxsxml',						1),
								('Ancient',			'UnderConstruction',		1,		'ART_DEF_IMPROVEMENT_LUMBERMILL',			'SNAPSHOT',				'ART_DEF_RESOURCE_PINE',				'Art/Pine/Lumbermill_MID_Pinetrees_HB.fxsxml',					1),
								('Ancient',			'Pillaged',					1,		'ART_DEF_IMPROVEMENT_LUMBERMILL',			'SNAPSHOT',				'ART_DEF_RESOURCE_PINE',				'Art/Pine/Lumbermill_MID_Pinetrees_PIL.fxsxml',					1),
								
								('Any',				'Any',						0.8,	'ART_DEF_IMPROVEMENT_NONE',					'SNAPSHOT',				'ART_DEF_RESOURCE_APPLE',				'Art/Apple/Appletrees.fxsxml',									1),
								('Industrial',		'Constructed',				0.8,	'ART_DEF_IMPROVEMENT_PLANTATION',			'SNAPSHOT',				'ART_DEF_RESOURCE_APPLE',				'Art/Apple/Plantation_IND_Appletrees.fxsxml',					1),
								('Industrial',		'UnderConstruction',		0.8,	'ART_DEF_IMPROVEMENT_PLANTATION',			'SNAPSHOT',				'ART_DEF_RESOURCE_APPLE',				'Art/Apple/Plantation_IND_Appletrees_HB.fxsxml',				1),
								('Industrial',		'Pillaged',					0.8,	'ART_DEF_IMPROVEMENT_PLANTATION',			'SNAPSHOT',				'ART_DEF_RESOURCE_APPLE',				'Art/Apple/Plantation_IND_Appletrees_PIL.fxsxml',				1),
								('Ancient',			'Constructed',				0.8,	'ART_DEF_IMPROVEMENT_PLANTATION',			'SNAPSHOT',				'ART_DEF_RESOURCE_APPLE',				'Art/Apple/Plantation_MID_Appletrees.fxsxml',					1),
								('Ancient',			'UnderConstruction',		0.8,	'ART_DEF_IMPROVEMENT_PLANTATION',			'SNAPSHOT',				'ART_DEF_RESOURCE_APPLE',				'Art/Apple/Plantation_MID_Appletrees_HB.fxsxml',				1),
								('Ancient',			'Pillaged',					0.8,	'ART_DEF_IMPROVEMENT_PLANTATION',			'SNAPSHOT',				'ART_DEF_RESOURCE_APPLE',				'Art/Apple/Plantation_MID_Appletrees_PIL.fxsxml',				1),
								
								('Any',				'Any',						1,		'ART_DEF_IMPROVEMENT_NONE',					'SNAPSHOT',				'ART_DEF_RESOURCE_MAHOGANY',			'Art/Mahogany/Mahogany.fxsxml',									1),
								('Ancient',			'Constructed',				1,		'ART_DEF_IMPROVEMENT_LUMBERMILL',			'SNAPSHOT',				'ART_DEF_RESOURCE_MAHOGANY',			'Art/Mahogany/Lumbermill_MID_Mahogany.fxsxml',					1),
								('Ancient',			'UnderConstruction',		1,		'ART_DEF_IMPROVEMENT_LUMBERMILL',			'SNAPSHOT',				'ART_DEF_RESOURCE_MAHOGANY',			'Art/Mahogany/Lumbermill_MID_Mahogany_HB.fxsxml',				1),
								('Ancient',			'Pillaged',					1,		'ART_DEF_IMPROVEMENT_LUMBERMILL',			'SNAPSHOT',				'ART_DEF_RESOURCE_MAHOGANY',			'Art/Mahogany/Lumbermill_MID_Mahogany_PIL.fxsxml',				1),
								
								('Any',				'Any',						1,		'ART_DEF_IMPROVEMENT_NONE',					'SNAPSHOT',				'ART_DEF_RESOURCE_LUMBER',				'Art/Lumber/Lumbertrees.fxsxml',								1),
								('Ancient',			'Constructed',				0.95,	'ART_DEF_IMPROVEMENT_LUMBERMILL',			'SNAPSHOT',				'ART_DEF_RESOURCE_LUMBER',				'Art/Lumber/Lumbermill_MID_Lumbertrees.fxsxml',					1),
								('Ancient',			'UnderConstruction',		0.95,	'ART_DEF_IMPROVEMENT_LUMBERMILL',			'SNAPSHOT',				'ART_DEF_RESOURCE_LUMBER',				'Art/Lumber/Lumbermill_MID_Lumbertrees_HB.fxsxml',				1),
								('Ancient',			'Pillaged',					0.5,	'ART_DEF_IMPROVEMENT_LUMBERMILL',			'SNAPSHOT',				'ART_DEF_RESOURCE_LUMBER',				'Art/Lumber/Lumbermill_MID_Lumbertrees_PIL.fxsxml',				1);

INSERT INTO ArtDefine_LandmarkTypes (Type,										LandmarkType,	FriendlyName) VALUES
									('ART_DEF_RESOURCE_CACAO',					'Resource',		'Cacao'),	
									('ART_DEF_RESOURCE_COCONUT',				'Resource',		'Coconut'),	
									('ART_DEF_RESOURCE_MANGO',					'Resource',		'Mango'),	
									('ART_DEF_RESOURCE_RUBBER',					'Resource',		'Rubber'),	
									('ART_DEF_RESOURCE_PINE',					'Resource',		'Pine'),
									('ART_DEF_RESOURCE_APPLE',					'Resource',		'Apple'),
									('ART_DEF_RESOURCE_MAHOGANY',				'Resource',		'Mahogany'),
									('ART_DEF_RESOURCE_LUMBER',					'Resource',		'Lumber');

INSERT INTO ArtDefine_StrategicView (StrategicViewType,				TileType,			Asset) Values
									('ART_DEF_RESOURCE_CACAO',		'Resource',			'Art/Cacao/SV_Cacao.dds'),
									('ART_DEF_RESOURCE_COCONUT',	'Resource',			'Art/Coconut/SV_Coconut.dds'),
									('ART_DEF_RESOURCE_MANGO',		'Resource',			'Art/Mango/SV_Mango.dds'),
									('ART_DEF_RESOURCE_RUBBER',		'Resource',			'Art/Rubber/SV_Rubber.dds'),
									('ART_DEF_RESOURCE_PINE',		'Resource',			'Art/Pine/SV_Pine.dds'),
									('ART_DEF_RESOURCE_APPLE',		'Resource',			'Art/Apple/SV_Apple.dds'),
									('ART_DEF_RESOURCE_MAHOGANY',	'Resource',			'Art/Mahogany/SV_Mahogany.dds'),
									('ART_DEF_RESOURCE_LUMBER',		'Resource',			'Art/Lumber/SV_Lumber.dds');
-- Debug
INSERT INTO HNRDebugTableCheck(Num, FileName) VALUES (8, 'ArtDefines_Trees.sql');		
